StudentID,FirstName,LastName,Major,HighSchoolGPA,FamilyIncome,State,AvgDailyStudyTime,TotalAbsence,FirstYearGPA,isGRA
202303595,Baxter,Dengler,Computer Science,2.82,45013,WA,2.01,14,1.93,0
202309162,Christian,Wickey,Data Science,3.07,128358,GA,5.41,,2.76,0
202306337,Lonnie,Wulff,Software Engineering,2.68,112392,GA,9.57,13,3.09,0
202306072,Mitchell,Deshotel,Software Engineering,3.21,190846,GA,8.57,16,3.08,0
202301733,Linwood,Willing,Information Technology,3.44,187163,GA,6.24,20,2.73,0
202305362,Rocco,Dandrea,Information Technology,2.7,39186,SC,7.68,12,3.37,1
202306465,Guy,Mcleroy,Information Technology,3.04,265177,GA,5.6,50,2.52,0
202305188,Gustav,Sterk,Software Engineering,2.66,184295,FL,6.49,18,2.56,0
202308816,Seymour,Ediger,Data Science,3.16,82071,GA,2.39,17,1.68,0
202307074,Delbert,Dauria,Software Engineering,3.18,30401,AL,5.58,14,2.24,0
202303678,Donnie,Riemer,Software Engineering,2.81,147583,SC,7.64,17,2.9,0
202302442,Luke,Datta,Computer Science,2.45,112614,GA,5.59,22,2.46,0
202302098,Eric,Mckellar,Information Technology,2.93,159592,GA,6.67,16,3.04,0
202306309,Ted,Wisniewski,Information Technology,3.06,117836,TN,10.68,24,3.68,1
202309206,Smith,Magnus,Data Science,3.08,81323,FL,5.98,18,2.57,0
202307692,Jasper,Odriscoll,Information Technology,2.25,204827,SC,1.91,21,1.8,0
202305493,Riley,Wynter,Information Technology,2.26,312856,GA,3,17,1.97,0
202307947,Austin,Galdamez,Computer Science,2.07,123967,GA,1.27,29,1.42,0
202302693,Bill,Mize,Data Science,2.7,319900,AL,7.91,11,3.29,1
202304771,Lindsey,Basquez,Computer Science,2.94,48870,GA,6.81,23,2.78,0
202302601,Rube,Reppert,Computer Science,3.69,30725,SC,4.34,11,2.34,0
202309569,Boyd,Hetland,Computer Science,3.71,109076,FL,8.1,9,3.45,1
202302197,Gideon,Aderholt,Data Science,2.57,123397,GA,4.46,20,2.65,0
202308152,Mathias,Saintil,Data Science,3.94,190595,GA,9.59,11,3.69,1
202304260,Eva,Stickel,Software Engineering,3.61,216423,,12.27,16,3.55,1
202300175,Loyd,Khatib,Computer Science,2.61,29745,SC,7.04,21,2.67,0
202309546,Winfred,Mcpherson,Software Engineering,3.36,72123,TN,7.59,12,2.93,0
202307269,Wright,Debruin,Computer Science,2.62,125206,AL,7.49,18,2.46,0
202303814,Benjaman,Barlow,Data Science,3.22,87872,FL,7.2,8,2.9,0
202302200,Nat,Osbourne,Data Science,3.77,137935,GA,7.2,9,3.09,0
202302698,Bailey,Fairchild,Software Engineering,3.3,238072,SC,3.2,5,2.52,0
202307743,Byron,Roehrig,Software Engineering,2.52,85671,GA,6.76,28,2.51,0
202302934,Littleton,Prior,Data Science,3.06,30010,GA,9.81,14,3.47,1
202304490,Dee,Molloy,Data Science,3.67,199799,GA,9.66,2,3.95,1
202308979,Berry,Braasch,Computer Science,2.96,172349,GA,4.09,22,2.02,0
202302846,Judson,Wolfer,Data Science,2.74,43390,FL,3.29,22,2.03,0
202305183,Douglass,Nuckles,Data Science,3.06,76318,AL,5.04,23,2.49,0
202303156,Clifford,Soucy,Computer Science,3.04,39383,GA,11.19,14,3.76,1
202305757,Zack,Stotz,Computer Science,3.3,35395,GA,7.89,13,2.72,0
202304740,Lawton,Rogue,Computer Science,3.27,1231530,TN,5.95,15,2.59,0
202305070,Arthur,Grange,Computer Science,3.2,66606,SC,10.07,19,3.45,1
202301711,Adam,Borst,Information Technology,3.02,118351,GA,6.16,21,2.75,0
202306248,Newman,Luker,Computer Science,3.5,159757,FL,6.76,19,2.45,0
202307494,Donat,Harbin,Information Technology,2.63,330793,GA,7.65,17,2.93,0
202304009,Abel,Leaphart,Software Engineering,3.12,102438,GA,4.5,16,2.74,0
202306561,Harvie,Zuccaro,Information Technology,2.88,107922,AL,7.96,24,3.4,1
202306709,David,Earnhart,Software Engineering,2.33,44429,GA,5.41,26,2.43,0
202301425,Benjaman,Fluker,Data Science,1.88,60781,GA,5.15,34,2.44,0
202306770,Artie,Trusty,Software Engineering,2.71,256708,GA,6.53,25,2.8,0
202308941,Evans,Cottone,Software Engineering,3.25,566086,FL,2.76,24,1.78,0
202302729,Cloyd,Illig,Computer Science,2.75,77386,SC,1.97,11,1.6,0
202307555,Raymon,Hilaire,Information Technology,2.49,43262,GA,6.92,15,2.71,0
202305207,Louise,Mongold,Data Science,3.51,281106,TN,5.21,10,2.88,0
202308634,Adelbert,Waguespack,Data Science,3.32,113741,GA,7.75,16,2.86,0
202308217,Bruce,Bob,Information Technology,3.13,89864,AL,6.3,20,2.94,0
202305521,Andy,Tidd,Computer Science,2.34,234082,SC,4.04,24,2.01,0
202308546,Ruben,Delvillar,Software Engineering,2.93,157342,FL,6.73,20,2.64,0
202307675,Randolph,Weible,Computer Science,3.45,33425,GA,9.43,20,2.9,0
202304589,Alexander,Stennett,Computer Science,3.24,257759,GA,5.7,21,2.49,0
202309065,Henry,Nylund,Computer Science,2.68,507897,GA,6.58,15,2.77,0
202304551,Lloyd,Makris,Computer Science,2.64,64847,SC,7.18,21,2.75,0
202307807,Marcus,Grinnell,Information Technology,3.13,162165,GA,7.85,20,3.08,1
202306790,Alfred,Orcutt,Software Engineering,2.34,49933,GA,1.08,24,1.28,0
202308392,Newell,Anand,Computer Science,3.16,34292,AL,6.24,21,2.25,0
202309499,Forrest,Jeansonne,Software Engineering,2.94,189460,GA,,19,2.14,0
202309203,Nolan,Rys,Information Technology,2.45,36565,TN,6.57,27,3.06,0
202304067,Sammie,Nieto,Data Science,2.55,75440,GA,6.55,30,2.54,0
202303451,Handy,Borst,Information Technology,3.1,30452,GA,5.69,15,3.02,1
202308126,Eliga,Larrea,Information Technology,2.71,52821,GA,3.76,13,2.69,0
202309653,Hoyt,Desmet,Software Engineering,3.59,25841,GA,9.98,7,3.42,1
202302561,Louise,Albro,Information Technology,2.92,48487,FL,5.5,18,2.81,0
202309576,Rutherford,Bari,Information Technology,3.32,403763,GA,5.6,7,2.7,0
202300561,Elbridge,Vereen,Data Science,3.18,106433,AL,4.78,20,2.59,0
202303521,Blanche,Sayers,Information Technology,2.93,313752,GA,4.36,19,2.48,0
202309446,Audie,Ludlum,Data Science,3.17,62008,GA,5.99,15,2.88,0
202304302,Eldred,Ferrick,Computer Science,2.96,20803,SC,4.61,17,2.47,0
202304558,Leroy,Illingworth,Software Engineering,3.54,45962,GA,9.23,20,3.26,1
202307554,Jewel,Mcduff,Software Engineering,3.39,239515,FL,7.63,5,3.01,1
202300409,Seth,Haile,Information Technology,3.06,20494,TN,6.12,18,2.52,0
202306678,Lemuel,Bilyeu,Software Engineering,2.58,18660,GA,9.09,24,3.16,0
202309533,Alice,Bramble,Software Engineering,2.9,43589,SC,7.89,15,2.97,0
202303306,Morton,Andrew,Data Science,3.57,221456,AL,5.51,14,3.05,1
202304554,Roswell,Rountree,Software Engineering,2.61,39761,GA,5.5,16,2.68,0
202304896,Carlos,Canino,Data Science,4,20660,GA,4.13,14,2.2,0
202303835,Blake,Kehl,Data Science,3.54,170736,FL,7.76,20,3.24,1
202301048,Selmer,Colley,Information Technology,2.96,69004,SC,7.71,19,2.97,0
202305809,Dudley,Cousins,Computer Science,3.29,173180,GA,6.09,13,2.41,0
202308208,Dewey,Gamber,Information Technology,2.2,42239,GA,2.43,20,2.35,0
202306044,Alden,Lamborn,Computer Science,1.76,22345,GA,2.86,32,1.53,0
202308505,Tomas,Bustillo,Computer Science,3.03,28231,GA,6.62,18,2.89,0
202306494,Colonel,Bull,Computer Science,2.71,125937,AL,10.63,16,3.41,1
202304379,Dennis,Loesch,Software Engineering,3.29,19126,TN,6.87,25,2.72,0
202302912,Bush,Hosier,Computer Science,2.68,30784,GA,7.52,20,2.38,0
202300440,Benjamine,Trousdale,Computer Science,2.54,36777,GA,5.78,21,2.57,0
202306367,Blaine,Hayner,Information Technology,2.77,206763,GA,6.37,21,3.04,0
202303591,Thurman,Holliday,Information Technology,1.92,43335,SC,2.43,31,1.94,0
202305479,Willis,Ihrig,Information Technology,2.88,107548,GA,5.37,21,2.54,0
202301341,Rolla,Totten,Information Technology,1.9,111060,GA,0,26,1.63,0
202308958,August,Zawadzki,Computer Science,2.77,65180,FL,8.26,16,3.05,1
202307840,Emmit,Headlee,Software Engineering,3.47,141729,AL,7.75,20,2.82,0
202309634,Sammie,Matlack,Software Engineering,3.63,34071,SC,9.53,22,3.2,0
202301877,Cedric,Visconti,Data Science,3.51,26140,GA,10.48,13,3.82,1
202306852,Shirley,Rhodes,Software Engineering,2.81,93972,GA,0.74,15,1.99,0
202300070,Wilmer,Mcmains,Information Technology,2.56,52812,GA,4.52,15,2.7,0
202309016,Horace,Figeroa,Software Engineering,3.75,187228,TN,6.24,14,2.53,0
202300897,Math,Berkeley,Data Science,3.05,23116,FL,4.53,17,2.83,0
202309433,Jim,Swartz,Software Engineering,3.84,109044,GA,6.96,14,2.69,0
202305204,Roland,Alvidrez,Computer Science,2.85,107437,GA,7.7,12,3.01,0
202301832,Andrew,Dimond,Software Engineering,2.82,47958,AL,,12,2.31,0
202305705,Mack,Tigges,Data Science,2.8,128069,GA,3.69,23,2.45,0
202300183,Pedro,Marquez,Software Engineering,3.46,88553,SC,4.78,14,2.34,0
202302114,Manuel,Merideth,Computer Science,3.04,96515,GA,4.13,18,2.25,0
202309520,Ted,Matranga,Software Engineering,3.1,147274,FL,5.1,,2.76,0
202301065,Micheal,Ortego,Computer Science,3.68,111040,GA,4.65,7,2.77,0
202301336,Cecil,Sylva,Computer Science,2.37,116468,GA,6.08,32,2.28,0
202303330,Lou,Ehrman,Information Technology,2.79,164978,SC,8.91,16,3.45,1
202303230,Roland,Jacome,Computer Science,3.44,44139,GA,4.67,20,2.19,0
202300747,Carlos,Gilliam,Software Engineering,3.81,178249,TN,3.34,16,2,0
202303557,Adelbert,Hankinson,Data Science,3,399778,GA,1.27,20,1.55,0
202309396,Maxwell,Jeffers,Information Technology,2.97,132238,FL,6.58,14,2.84,0
202302562,Cleo,Treadway,Computer Science,2.77,114753,SC,6.6,23,2.53,0
202300703,Lonnie,Sarkis,Software Engineering,2.95,38424,GA,10.8,17,3.32,1
202301068,Calvin,Connally,Information Technology,2.5,172993,GA,6.59,27,2.73,0
202301007,Pleas,Cravey,Information Technology,2.97,155522,GA,4.17,24,2.4,0
202309674,Alf,Magno,Information Technology,2.89,183470,GA,5.64,25,2.62,0
202309819,Nolan,Dorrell,Software Engineering,2.54,37565,SC,7.51,61,2.56,0
202300442,Ronald,Alfred,Computer Science,3.02,331912,AL,6.59,14,2.32,0
202302209,Freddie,Heflin,Software Engineering,2.4,61649,GA,10.08,14,3.4,1
202301812,Benjaman,Arciniega,Data Science,2.65,44306,GA,7.5,24,2.6,0
202300230,Elden,Tennyson,Software Engineering,3.06,35956,GA,9.37,21,3.19,1
202309209,Dixie,Chatfield,Software Engineering,4,208110,TN,8.64,9,3.35,1
202305564,Orrin,Brogden,Software Engineering,2.98,41207,GA,8.74,25,2.98,0
202303270,Abner,Churchman,Information Technology,2.62,194911,GA,5.74,12,2.97,0
202301287,Virgil,Dembowski,Information Technology,2.81,47243,FL,5.88,10,2.99,1
202301593,Eli,Mcpeters,Information Technology,2.83,55901,GA,3.5,23,2.24,0
202301316,Fitzhugh,Waldeck,Software Engineering,2.66,60773,AL,4.61,23,2.73,0
202302948,Haywood,Godley,Data Science,2.89,81465,GA,7.2,22,2.97,0
202301096,Jonas,Stoehr,Data Science,2.85,31264,GA,4.96,18,2.71,0
202307452,Elmore,Scheeler,Information Technology,2.33,43576,GA,3.33,30,2.02,0
202304032,Beverly,Bittinger,Computer Science,2.83,378248,GA,7.59,13,3.22,0
202307455,Barnett,Barnhart,Data Science,2.94,94686,FL,4.9,21,2.52,0
202309190,Wilson,Britten,Information Technology,3.51,131260,GA,7.85,13,3.2,1
202309401,Lorenzo,Ivanov,Software Engineering,2.49,36614,GA,5.55,24,2.47,0
202303479,Ollie,Landrum,Software Engineering,3.13,52374,TN,6.94,15,2.72,0
202308526,Winfield,Shambaugh,Software Engineering,3.24,43670,AL,5.28,17,2.37,0
202308798,Griffin,Wehner,Information Technology,2.64,53744,SC,1.84,22,1.88,0
202300082,Ammon,Cardiel,Software Engineering,2.88,70718,GA,6.28,23,2.41,0
202309988,Alfredo,Weatherspoon,Software Engineering,3.34,52509,FL,7.19,13,3.01,1
202306948,Ewing,Dearing,Data Science,2.48,172348,GA,4.88,23,2.34,0
202306926,Essie,Pompa,Information Technology,3.49,305324,GA,3.22,18,2.61,0
202304455,Duncan,Scheller,Information Technology,2.1,86062,SC,4.57,22,2.66,0
202302436,Arch,Macha,Software Engineering,2.79,126572,GA,3.84,18,2.02,0
202300317,Joe,Stahr,Computer Science,2.89,176979,,6.56,21,2.38,0
202306439,Clarence,Buerger,Software Engineering,3.69,120127,AL,6.1,15,2.63,0
202304466,Bruno,Stice,Software Engineering,3.81,58285,FL,6.94,9,3,0
202300261,Cameron,Isola,Information Technology,3.34,100226,SC,1.23,17,2.09,0
202302252,Larkin,Fonner,Software Engineering,3.38,152703,TN,7.12,15,2.69,0
202308044,Columbus,Henze,Software Engineering,2.98,48601,GA,9.04,16,2.89,0
202306626,Richmond,Braden,Information Technology,2.22,72265,GA,4,25,2.13,0
202305571,Verne,Horak,Information Technology,2.44,86507,GA,5.27,22,2.65,0
202302663,Gaylord,Walls,Information Technology,3.84,142496,SC,6.23,12,3.13,0
202306829,Wallace,Eaton,Data Science,3.2,45413,FL,7.28,17,3.11,0
202301760,Santiago,Dejarnette,Data Science,3.23,31365,AL,5.62,3,2.65,0
202302123,Lynn,Mager,Information Technology,3.72,37732,GA,7.14,18,3.23,0
202301903,Evan,Markos,Computer Science,2.99,509490,GA,6.71,16,2.74,0
202304258,Gerald,Hundley,Information Technology,2.83,23575,SC,5.16,22,2.3,0
202306598,Phillip,Donnelly,Data Science,3.69,70353,GA,6.12,11,2.63,0
202302587,Buck,Nealey,Information Technology,3.64,105044,GA,8.83,9,3.55,1
202306098,Van,Ortman,Information Technology,3.02,36626,FL,2.68,19,1.72,0
202301617,Nat,Cardarelli,Data Science,3.11,94611,TN,8.37,15,3.52,1
202304603,Clark,Abramowitz,Data Science,2.25,38395,SC,7.78,23,2.79,0
202300279,Martha,Deng,Computer Science,2.24,23328,AL,1.77,22,1.67,0
202308384,Ellis,Peraza,Computer Science,2.83,17378,GA,6.55,12,2.34,0
202303981,Hector,Ellingsworth,Information Technology,3.14,517518,GA,5.99,16,2.92,0
202301986,Leslie,Hellmann,Data Science,3.55,388811,GA,8.19,12,3.46,1
202304935,Burton,Springstead,Information Technology,2.84,88715,FL,2.02,20,2.05,0
202308330,Dolphus,Difiore,Software Engineering,3.61,206317,GA,7.81,13,2.98,0
202308769,Alphonse,Gagliardi,Software Engineering,3.66,22039,GA,3.52,13,2.43,0
202300191,Lloyd,Segars,Computer Science,2.93,517832,GA,8.44,14,3.17,1
202301634,Patrick,Sliger,Data Science,1.94,30738,GA,5.13,18,2.41,0
202308557,Dick,Bevis,Computer Science,2.4,135740,AL,2.96,20,1.88,0
202304115,Sterling,Luth,Computer Science,4,39198,GA,10.54,14,3.52,1
202304122,Talmage,Cauble,Software Engineering,2.2,120077,TN,1.87,22,1.86,0
202306484,Boss,Bommarito,Information Technology,3.12,109369,GA,8.67,16,3.76,1
202300981,Fitzhugh,Stalder,Data Science,2.75,62371,GA,3.7,23,2.4,0
202306078,Gabriel,Cousino,Information Technology,4,75207,SC,7.89,16,3.23,1
202308912,Rose,Arvidson,Software Engineering,3.16,54316,GA,9.08,13,3.6,1
202302897,Isiah,Kestler,Software Engineering,3.19,69260,GA,7.01,19,3.05,0
202301966,Ike,Bendel,Computer Science,3.97,89230,GA,7.9,13,3.35,0
202302020,Oneal,Plouffe,Software Engineering,3.02,75820,AL,4.25,20,2.08,0
202308576,Hyman,Laramore,Data Science,2.67,31803,SC,3.17,23,2.33,0
202309374,Edmund,Haden,Data Science,2.47,62097,GA,5.27,25,2.47,0
202303485,Millard,Friar,Data Science,3.23,120927,GA,8.29,15,3.58,1
202302188,Arch,Race,Data Science,3.11,225850,GA,3.77,14,2.29,0
202304277,Arch,Stoll,Information Technology,3.36,35422,GA,5.91,19,3.04,0
202305920,Walker,Broxton,Software Engineering,3.62,44148,TN,5.8,20,2.45,0
202306972,Eben,Kimber,Data Science,3.92,79307,FL,4.57,6,2.63,0
202304530,Alpheus,Thurston,Computer Science,3.48,113422,GA,5.25,19,2.34,0
202306184,Dominick,Gilyard,Computer Science,2.67,149038,AL,3.24,23,1.95,0
202306542,Carol,Puma,Information Technology,2.96,133912,GA,4.53,21,2.66,0
202303582,Irving,Cardona,Computer Science,3.21,41144,SC,7.66,24,3,0
202305132,Eric,Dowe,Software Engineering,2.58,91672,GA,3.75,22,2.04,0
202304308,Chas,Espina,Software Engineering,2.21,407373,GA,1.88,32,1.41,0
202300075,Carson,Faris,Software Engineering,3.08,68001,FL,6.21,15,2.5,0
202300980,Adam,Dakin,Data Science,2.52,85845,GA,1.56,25,1.71,0
202308851,Orley,Teixeira,Software Engineering,2.97,64726,SC,3.32,18,1.91,0
202300069,Eva,Wirtz,Information Technology,2.83,74751,GA,4.8,9,2.59,0
202306954,Lewis,Horsman,Software Engineering,3.65,477512,AL,0.07,12,1.78,0
202304187,Theophile,Lucca,Software Engineering,3.8,108463,TN,9.08,19,3.12,1
202302463,Maurice,Krist,Computer Science,2.72,63187,GA,7.22,18,2.86,0
202303824,Edmond,Casas,Information Technology,3.39,72486,FL,8.26,18,3.05,1
202302428,Bishop,Titsworth,Data Science,2.15,69459,GA,4.63,30,1.98,0
202308608,Burt,Blassingame,Software Engineering,3.17,45189,GA,4.75,53,2.1,0
202302615,Pink,Kolberg,Information Technology,2.55,155046,GA,6.99,23,2.71,0
202301671,Merritt,Rinaldo,Software Engineering,3.21,153629,GA,8.35,10,3.3,1
202306812,Alvie,Lou,Computer Science,2.84,67309,SC,8.36,13,3.38,1
202301541,Thorwald,Brantley,Software Engineering,3.04,50324,AL,5.72,20,2.74,0
202300885,Jimmy,Marchand,Information Technology,2.43,63750,FL,5.77,15,2.69,0
202309021,Elijah,Wellington,Computer Science,2.36,395839,GA,3.77,26,1.88,0
202308785,William,Pilcher,Computer Science,3.02,381873,WA,5.16,10,2.45,0
202301335,Gee,Lovelady,Information Technology,3.16,74850,SC,12,15,4,1
202301531,Reid,Pullum,Computer Science,2.42,36224,TN,7.36,30,2.17,0
202301717,Hollis,Hottinger,Software Engineering,2.13,56416,GA,1.87,23,1.32,0
202301743,Bradford,Stockwell,Data Science,2.97,265735,GA,9.97,20,3.57,1
202302480,Meyer,Hays,Information Technology,3.14,32203,FL,6.96,20,2.59,0
202307044,Denis,Curd,Information Technology,3.73,329965,AL,9.98,19,3.88,1
202302614,Earle,Marcus,Computer Science,2.64,56674,GA,8.12,26,2.6,0
202300227,Elwin,Yanes,Software Engineering,2.83,24884,GA,9.54,22,3.55,1
202302329,Mart,Quay,Software Engineering,2.89,33872,GA,6.34,16,2.66,0
202305332,Hardy,Bosler,Software Engineering,3.23,114491,GA,5.26,17,2.56,0
202305056,Hartwell,Pasillas,Software Engineering,3.15,66819,SC,7.38,11,2.83,0
202301184,Patsy,Gerhardt,Information Technology,2.98,182328,FL,5.7,17,2.71,0
202300072,Cleveland,Zanders,Data Science,3.21,27333,GA,7.51,17,3.07,0
202305588,Alfonso,Ahlers,Information Technology,3.1,52571,GA,6,16,2.65,0
202304496,Ed,Biggins,Software Engineering,3.8,37052,TN,11.19,25,3.69,1
202306987,William,Brookshire,Information Technology,2.62,36756,SC,9.99,14,3.23,1
202307201,Waldo,Overby,Computer Science,3.33,94153,GA,5.18,10,2.49,0
202308909,Dean,Paschal,Data Science,3.04,253979,GA,4.04,23,2.08,0
202302514,Ollie,Clendenin,Software Engineering,2.47,266456,FL,4.22,15,1.89,0
202302009,Jack,Middlebrook,Information Technology,3.54,173117,GA,6.46,2,3.33,1
202302182,Bruno,Grinder,Software Engineering,3.48,44172,SC,4.83,8,2.61,0
202303646,Elbert,Yoder,Computer Science,2.43,619108,GA,8.04,19,3.13,0
202308285,Festus,Bishop,Computer Science,3.54,46635,GA,4.98,18,2.68,0
202309493,Gary,Shaub,Software Engineering,3.39,69459,AL,11.56,22,3.88,1
202300029,Madison,Farney,Information Technology,3.4,171927,GA,6.24,20,2.95,0
202301463,Stephen,Maes,Software Engineering,2.54,31730,FL,3.34,12,1.68,0
202301846,Hayward,Gayton,Information Technology,3.01,68022,GA,3.87,17,2.23,0
202309945,Hans,Blume,Computer Science,2.39,90581,TN,1.64,23,1.88,0
202309402,Roosevelt,Escobedo,Computer Science,2.59,250037,GA,6.43,26,2.48,0
202301594,Ollie,Arnold,Data Science,2.69,174862,GA,2.74,20,2.12,0
202306624,Wilbur,Rohner,Software Engineering,2.21,200188,SC,5.32,25,2.49,0
202302689,Henery,Herren,Data Science,2.67,112392,GA,1.64,71,1.9,0
202305647,Garfield,Casco,Computer Science,3.94,121996,AL,10.63,16,4,1
202300868,Emilio,Phair,Data Science,2.61,110204,GA,5.91,17,3.07,1
202302848,Boyd,Lesley,Data Science,2.2,110803,GA,4.91,24,2.29,0
202308753,Lillie,Mcinturff,Data Science,3.05,77066,SC,7.47,13,2.83,0
202306104,Albert,Mcroy,Information Technology,3.35,50619,GA,8.64,12,3.57,1
202305490,Hans,Guglielmo,Data Science,3.04,74093,GA,8.89,18,3.15,0
202300004,Vincent,Juarez,Information Technology,2.83,58363,GA,6.16,13,2.92,0
202308701,Tomas,Halfmann,Data Science,3.19,72292,FL,7.77,18,3.03,0
202303375,Phil,Hickok,Data Science,2.87,60698,TN,6.52,16,3.09,0
202300125,Thurman,Grosz,Software Engineering,2.76,220265,AL,5.54,17,2.49,0
202309484,Edna,Raine,Computer Science,2.92,256414,GA,3.71,15,2.52,0
202305337,Elizah,Coby,Software Engineering,3.19,93745,GA,8.62,22,3.29,1
202305150,Wesley,Carnahan,Data Science,3.64,201141,GA,6.79,12,2.84,0
202302419,Irving,Andes,Information Technology,2.55,173159,SC,6.18,22,3.23,1
202308862,Loyal,Kearney,Data Science,3.7,30333,FL,8.24,18,3.27,1
202302844,Jean,Deak,Computer Science,3.21,25995,GA,5.52,14,2.71,0
202305494,Wylie,Trang,Data Science,3.09,71635,GA,5.07,11,2.51,0
202304493,Bailey,Garibay,Data Science,3.49,362412,GA,3.94,7,2.73,0
202306262,Odell,Kilian,Software Engineering,3.93,58839,AL,,18,3.87,1
202303518,Myron,Murawski,Software Engineering,3.02,334194,GA,6.27,18,2.88,0
202301182,Jewel,Noah,Software Engineering,2.35,73098,GA,6.03,20,2.81,0
202302588,Merle,Agard,Software Engineering,3.01,571940,TN,6.12,13,2.71,0
202301459,Emmitt,Harton,Computer Science,2.49,312152,GA,4.9,26,2.5,0
202304304,Samuel,Arizpe,Software Engineering,3.32,20855,SC,3.99,22,2.37,0
202303135,Nels,Harned,Software Engineering,3.44,357198,GA,4.51,8,2.57,0
202305202,Patrick,Hindman,Data Science,2.16,138147,GA,5.69,18,2.4,0
202302458,Raymond,Standish,Information Technology,3.33,52645,GA,4.72,10,2.55,0
202308283,Leopold,Kreiner,Information Technology,2.67,119922,AL,7.12,15,2.88,0
202308583,Oral,Saville,Information Technology,2.43,73203,FL,0.29,16,1.77,0
202302029,Millard,Evatt,Computer Science,3.2,76784,GA,8.77,11,3.07,0
202304944,Mahlon,Veverka,Computer Science,2.65,124365,GA,6.49,21,2.56,0
202306779,Lindsay,Magill,Software Engineering,3.49,518276,GA,11.25,9,3.65,1
202308596,Miller,Dipalma,Software Engineering,2.95,21687,GA,5.4,19,2.75,0
202305301,Doc,Carpino,Data Science,2.15,289260,SC,2.23,14,1.94,0
202309695,Ferdinand,Dearman,Computer Science,2.63,20114,TN,8.09,32,2.76,0
202307409,Jess,Gerhart,Information Technology,3.13,159789,FL,4.34,17,2.86,0
202302509,Lillian,Thaler,Software Engineering,3.28,84711,AL,5.7,11,2.58,0
202307819,Jackson,Mishoe,Computer Science,2.21,35728,GA,2.38,29,1.61,0
202308381,Robin,Burriss,Software Engineering,2.58,157123,SC,1.81,18,1.93,0
202300059,Lige,Brandy,Information Technology,2.31,44578,GA,6.07,30,2.62,0
202307724,Abe,Hymes,Software Engineering,3.19,48340,GA,3.75,8,2.48,0
202309050,Reuben,Guerra,Computer Science,3.35,60638,GA,3.72,19,2.03,0
202306570,Lucious,Hudson,Data Science,3.65,253682,FL,10.42,20,4,1
202304151,Elie,Santiesteban,Computer Science,3.31,1562033,SC,5.29,20,2.39,0
202309538,Ewin,Holsclaw,Computer Science,2.97,66602,GA,4.31,17,1.9,0
202309445,Omar,Chiodo,Computer Science,3.21,45602,AL,7.78,11,2.83,0
202302647,Monroe,Sexton,Information Technology,3.21,204198,GA,8.09,11,3.36,1
202305509,Nicholas,Colarusso,Data Science,2.75,79983,TN,5.86,10,2.74,0
202309213,Chester,Vo,Information Technology,3.17,242310,SC,11.18,18,3.73,1
202301838,Ambrose,Mullin,Software Engineering,3.22,333136,FL,9.08,19,3.04,0
202308430,Austin,Acuff,Information Technology,3.93,25619,GA,8.04,12,3.26,1
202305019,Clement,Boehler,Software Engineering,3.65,249723,GA,7.34,4,3.12,0
202305302,Ellie,Cundiff,Computer Science,2.62,49880,GA,2.28,19,2.14,0
202309321,Wilburn,Rencher,Computer Science,2.78,60679,SC,3.26,16,1.98,0
202308334,Son,Liston,Computer Science,2.95,129852,AL,1.33,13,1.87,0
202308826,Hosea,Westberry,Computer Science,2.37,374066,GA,8.28,23,2.78,0
202300791,Newell,Shortridge,Software Engineering,2.76,74680,FL,2.33,15,2.13,0
202305341,Stuart,Ruf,Information Technology,3.6,21370,GA,7.65,14,3.25,1
202307102,Hans,Snead,Data Science,3.1,18160,SC,6.65,17,2.9,0
202309489,Abe,Kontos,Software Engineering,3.38,35997,GA,7.85,13,2.68,0
202306831,Milo,Mauck,Information Technology,2.46,53460,TN,9.25,21,3.14,1
202308465,Elwyn,Henery,Software Engineering,3.74,73340,NY,7.57,18,2.74,0
202308055,Alphonse,Geddings,Software Engineering,3.4,180894,GA,5.58,11,2.5,0
202309228,Vernie,Hazelwood,Computer Science,2.42,94386,AL,4.14,14,1.44,0
202305229,Frank,Woolford,Information Technology,2.91,151439,GA,5.59,15,2.67,0
202305737,Bertha,Seaberg,Information Technology,2.56,38743,GA,8.1,30,3.4,1
202306274,Eddie,Altland,Information Technology,3.42,332870,GA,6.21,15,3.15,0
202304382,Beecher,Hertz,Computer Science,3.8,257768,GA,9.23,17,3.39,1
202303143,Annie,Gottfried,Computer Science,3.4,174054,SC,8,13,2.71,0
202302346,Alfonso,Fike,Computer Science,3.62,46652,GA,5.19,16,2.63,0
202305591,Green,Hannum,Data Science,2.61,81138,FL,5.5,7,2.61,0
202308893,Matthew,Parisi,Computer Science,3.04,98072,GA,8.53,21,2.73,0
202301679,Pedro,Kennington,Computer Science,2.53,135219,AL,3.73,21,2.16,0
202309156,Clifton,Ast,Software Engineering,2.6,83147,TN,5.63,29,2.44,0
202306641,Willian,Mcdermott,Software Engineering,2.94,43582,GA,5.5,18,2.51,0
202307019,Jason,Vallejos,Data Science,3.6,39456,GA,2.57,17,2.2,0
202300941,Hart,Gerst,Data Science,2.73,160319,GA,5.88,16,2.38,0
202305974,Russel,Burgess,Software Engineering,3.89,218174,FL,4.97,5,2.65,0
202303659,Patrick,Holz,Data Science,2.75,73711,SC,10.95,16,3.88,1
202309536,Willie,Stith,Information Technology,3.36,71815,GA,5.82,27,2.89,1
202300252,Nelson,Goodling,Software Engineering,2.11,123270,GA,3.32,20,2.06,0
202302821,Reinhold,Moyer,Software Engineering,3.79,82019,AL,7.97,2,3.26,1
202302014,Colin,Pickles,Information Technology,3.99,32447,GA,9.4,13,3.48,1
202302017,Timothy,Sarmiento,Software Engineering,3.16,122798,SC,10.32,21,3.46,1
202304269,Samuel,Wiegel,Data Science,2.86,41933,FL,7.05,16,2.75,0
202304331,Milford,Michie,Computer Science,2.21,38482,GA,1.92,16,1.3,0
202302429,Pleasant,Suiter,Information Technology,2.96,164020,TN,7.86,10,3.24,0
202308846,Baldwin,Olvera,Software Engineering,2.12,108500,GA,4.63,29,2.2,0
202307549,Emery,Swartout,Software Engineering,2.96,52156,SC,5.49,22,2.74,0
202305482,Laura,Bolstad,Software Engineering,2.73,175798,GA,2.56,29,1.4,0
202304037,Maurice,Buechler,Data Science,2.61,173233,AL,6.26,18,2.39,0
202303509,Grace,Hendrixson,Information Technology,2.77,159147,FL,7.03,16,2.61,0
202307373,Nick,Candy,Software Engineering,2.99,160246,GA,5.54,14,2.24,0
202301947,Simpson,Mouser,Data Science,3.81,66983,SC,6.86,21,2.76,0
202306814,Jewel,Biondi,Software Engineering,2.72,35465,GA,2.12,27,1.71,0
202304933,Colonel,Kile,Data Science,3.16,65486,GA,4.45,21,2.49,0
202309924,Palmer,Segundo,Software Engineering,2.75,263997,GA,3.52,23,2.42,0
202305348,Andres,Sturgeon,Software Engineering,3.22,51154,GA,3.61,14,2.7,0
202304690,Lucious,Mooring,Data Science,3.58,109999,,8.16,22,2.87,0
202308408,Harland,Yamamoto,Data Science,3.05,132300,TN,4.5,24,2.3,0
202309628,Urban,Hoth,Computer Science,2.88,110472,GA,3.69,11,2.29,0
202301622,Harris,Pride,Computer Science,4,69995,GA,8.24,11,3.13,1
202300292,Pedro,Brucker,Computer Science,3.03,414790,GA,3.75,13,2.07,0
202305076,Donald,Alaimo,Computer Science,2.99,299554,SC,4.58,16,2.25,0
202306334,Columbus,Lindblad,Information Technology,2.05,66496,GA,6.02,24,2.6,0
202300104,James,Houdek,Information Technology,3.64,101414,FL,6.63,15,3.24,0
202307533,Franklin,Reuben,Information Technology,2.06,217237,GA,5.71,15,2.5,0
202304722,Ocie,Eppler,Data Science,2.43,32974,GA,,27,2.1,0
202307094,Henery,Catalano,Information Technology,3.59,81401,AL,8.86,16,3.72,1
202300714,Freddie,Rohrs,Information Technology,3.33,63935,GA,4.68,21,2.61,0
202309922,Calvin,Plaster,Computer Science,2.6,262228,GA,5.34,21,2.4,0
202306229,Spencer,Portell,Computer Science,3.32,134521,GA,8.52,12,3.4,1
202308568,Ferdinand,Funes,Data Science,2.98,136248,TN,6.08,11,2.99,0
202307695,Vester,Gartner,Information Technology,3.32,29177,SC,7.66,16,3.19,1
202304212,Ancel,Poor,Data Science,2.34,129131,GA,3.67,11,1.81,0
202301762,Alfred,Pancoast,Data Science,3.72,28486,GA,8.43,13,3.74,1
202309966,Mills,Rapoza,Information Technology,3.22,203724,GA,5.07,13,2.45,0
202302065,Alvah,Ellerbe,Software Engineering,1.94,36093,AL,2.62,31,1.51,0
202305169,Irwin,Cossio,Software Engineering,2.99,36787,SC,9.43,16,3.52,1
202309170,Clem,Whisman,Data Science,3.17,31980,FL,3.14,20,2.34,0
202308314,Kirk,Dominguez,Software Engineering,2.49,234448,GA,3.75,26,2.13,0
202301674,Dwight,Toll,Computer Science,3.05,17922,GA,6.06,8,2.57,0
202301725,Sammie,Eaddy,Data Science,2.96,41334,GA,8.69,11,3.1,0
202307632,Gus,Lowery,Data Science,2.42,140553,SC,2.79,24,2.23,0
202300803,Leander,Burman,Data Science,2.94,160102,GA,8.82,29,3.26,1
202300898,Palmer,Pittenger,Information Technology,3.23,189592,TN,7.65,16,3.13,0
202302401,Logan,Kahl,Software Engineering,3.62,347297,AL,6.8,12,2.62,0
202305017,Malachi,Rushford,Data Science,2.24,43238,GA,2.81,15,2,0
202304392,Gertrude,Rask,Software Engineering,2.46,113345,SC,4.92,23,2.61,0
202308028,Hilbert,Hickmon,Data Science,2.25,114869,GA,8.09,22,3.02,0
202300201,Newell,Woosley,Data Science,3.1,271902,GA,2.9,25,1.45,0
202302173,Seth,Barratt,Information Technology,3.23,65122,GA,6.53,14,3.02,0
202300282,Sampson,Virgen,Computer Science,2.55,55437,GA,2.96,23,1.68,0
202300185,Oral,Spicer,Information Technology,3.52,244009,FL,9.66,18,3.66,1
202305662,Loring,Toney,Computer Science,4,120255,GA,5.81,9,2.82,0
202300401,Cloyd,Given,Software Engineering,2.11,148651,AL,5.62,25,2.36,0
202304034,Dick,Klingbeil,Computer Science,2.65,54318,GA,2.29,15,1.67,0
202300076,Cloyd,Yelverton,Information Technology,3.15,121666,GA,7.06,10,3.01,0
202301854,Evert,Proudfoot,Software Engineering,3.24,157143,TN,5.03,17,2.51,0
202304244,Jim,Hoskin,Computer Science,3.11,555953,GA,6,30,2.88,0
202308380,Omar,Loeffler,Software Engineering,3.54,92040,FL,5.26,,2.94,0
202305329,Alonzo,Thresher,Computer Science,2.86,44923,GA,3.45,12,1.86,0
202306660,Archer,Hallinan,Software Engineering,4,50273,GA,8.16,17,3.44,1
202308711,Simon,Berridge,Data Science,2.53,85667,SC,5.66,18,2.71,0
202305427,Harley,Jolicoeur,Computer Science,3.33,425371,AL,7.2,8,2.75,0
202300735,Sing,Parman,Information Technology,3.04,36766,GA,5.8,16,2.63,0
202306597,Elbert,Devane,Information Technology,2.1,292238,GA,3.64,12,2.36,0
202304932,Richard,Otteson,Computer Science,2.87,29245,FL,4.3,23,2.15,0
202302717,Lonzo,Innes,Computer Science,3.22,85146,SC,6.51,15,2.71,0
202304513,Lawrence,Imes,Computer Science,3.12,359739,GA,10.18,19,3.3,1
202306119,Jessie,Knop,Software Engineering,3.39,151761,GA,5.9,11,2.43,0
202309246,Clay,Vinciguerra,Software Engineering,2.06,138890,TN,5.45,21,2.22,0
202304643,Lum,Brickey,Information Technology,2.58,58306,GA,6.14,17,2.89,0
202305286,Ervin,Cerny,Information Technology,3.05,158727,AL,3.6,17,2.53,0
202303222,Burley,Laurent,Computer Science,2.4,208002,FL,8.8,23,3.01,0
202305198,Arther,Rydberg,Information Technology,3.12,82708,GA,9.73,9,3.66,1
202304950,Burr,Nishimoto,Information Technology,2.34,115963,GA,4.9,18,2.73,0
202307052,Emilio,Rives,Data Science,3.08,146145,GA,5.7,19,2.45,0
202306107,Vincent,Grider,Computer Science,3.22,66043,SC,4.22,15,2.38,0
202304402,Louise,Oswald,Information Technology,2.7,29101,GA,4.51,26,2.43,0
202309663,Claud,Beland,Information Technology,2.5,79544,GA,9.33,12,3.47,1
202306646,Ellery,Cragg,Data Science,3.39,26062,FL,6.12,17,3.02,0
202302134,Nellie,Palin,Computer Science,3.47,111157,AL,6.38,11,2.7,0
202300290,Edgar,Clevenger,Computer Science,3.54,36699,SC,8.64,4,3.14,0
202302708,Millard,Carignan,Information Technology,3.39,3216215,TN,3.1,15,2.49,0
202304990,Benjaman,Gales,Data Science,2.64,88936,GA,5.08,19,2.3,0
202309560,Gordon,Nickle,Information Technology,2.83,79533,GA,7.21,11,2.79,0
202307958,Madison,Kiel,Information Technology,2.85,87141,GA,4.59,23,2.49,0
202303141,Addie,Ritter,Computer Science,2.49,76961,FL,6.69,20,2.52,0
202301134,Eligah,Kirwan,Information Technology,3.28,168716,GA,5.81,12,2.73,0
202305744,Elias,Cacciatore,Software Engineering,1.96,40407,GA,2.84,18,2.2,0
202301186,Theodore,Mcguigan,Software Engineering,3.36,26957,AL,6.49,9,2.64,0
202302030,Murphy,Becton,Software Engineering,3.51,80281,GA,9.54,17,3.41,1
202307459,Dawson,Greely,Data Science,3.24,144757,SC,9.68,23,3.31,0
202300126,Brice,Moorer,Information Technology,2.41,94777,GA,3.3,17,2.19,0
202304805,Hunt,Belding,Software Engineering,3.22,101793,FL,8.63,11,3.04,0
202301172,Lowell,Carreno,Information Technology,3.03,89352,GA,8.59,14,3.12,1
202300716,Columbus,Daza,Computer Science,2.7,39358,TN,7.84,13,3.01,0
202300620,Weldon,Coviello,Software Engineering,3.66,39286,SC,9.35,13,3.52,1
202302466,Max,Klingman,Computer Science,3.74,64528,GA,10.12,12,3.73,1
202302414,Guy,Chrysler,Data Science,3.38,339075,AL,5.22,18,2.66,0
202307314,Toney,Beatrice,Information Technology,2.89,208944,GA,4.43,7,2.78,0
202301765,Steward,Ramm,Information Technology,4,64769,FL,7.21,10,3.06,0
202300094,Russel,Holstein,Information Technology,2.35,148358,SC,3.17,24,2.17,0
202304931,Burl,Connor,Data Science,2.44,223190,GA,5.58,30,2.37,0
202306114,Clement,Hudon,Computer Science,3.52,102118,GA,6.29,14,2.84,0
202303666,Leslie,Roell,Information Technology,2.81,296210,WA,4.6,17,2.5,0
202305185,Coleman,Prestridge,Software Engineering,2.45,84689,GA,3.94,16,2.58,0
202305985,Jim,Costantino,Information Technology,4,109889,SC,6.31,9,2.77,0
202302767,Arther,Vacca,Information Technology,4,27148,AL,10.65,4,4,1
202306489,Wayne,Courtemanche,Software Engineering,3.01,28048,TN,5.51,24,2.52,0
202307402,Leonard,Delpino,Information Technology,3.67,72582,GA,8.52,17,3.15,0
202305907,Garrett,Just,Data Science,2.52,24862,GA,2.04,24,2.08,0
202306851,Logan,Sole,Information Technology,3.86,31302,SC,9.28,12,3.46,1
202303235,Bradley,Fowles,Computer Science,3.13,26880,GA,4.97,7,2.38,0
202303255,Andres,Mckenzie,Data Science,3.08,41724,GA,6.18,16,2.8,0
202307992,Lester,Stinchcomb,Information Technology,3.13,216992,FL,7.72,24,3.29,1
202308684,Douglas,Hengst,Software Engineering,3.25,274018,GA,7.36,12,2.87,0
202308071,Rex,Schuster,Software Engineering,2.73,72764,AL,6.25,19,3.05,0
202304245,Colin,Ebarb,Data Science,2.77,327931,GA,8.1,18,2.73,0
202309257,Francisco,Silberstein,Software Engineering,3.04,256671,GA,5.6,20,2.66,0
202305336,Ivan,Horsman,Data Science,1.99,42142,GA,5.76,28,2.3,0
202302935,Cleveland,Pfeffer,Data Science,2.64,100264,GA,6.94,25,2.83,0
202307487,Ellery,Masuda,Information Technology,3.2,85140,TN,9.9,18,3.59,1
202309532,Jonathan,Deeter,Computer Science,3.45,285581,GA,6.84,20,2.73,0
202304259,Perley,Blackford,Computer Science,3.08,48913,GA,6.66,13,3.04,0
202303658,Jules,Lajeunesse,Data Science,2.73,112720,GA,4.46,20,2.16,0
202304126,Israel,Randall,Information Technology,2.29,136030,AL,8.16,18,3.49,1
202300640,Palmer,Elsey,Information Technology,2.87,164087,SC,3.37,9,2.45,0
202302192,Rosevelt,Stutler,Data Science,3.06,395667,GA,3.57,20,2.18,0
202306522,Joseph,Bowser,Data Science,2.82,90862,FL,6.69,21,2.87,0
202303924,Hardy,Satchell,Computer Science,2.88,61056,GA,8.96,16,3.05,0
202303757,Delmer,Biggers,Computer Science,3.02,181112,GA,9.4,19,3.39,1
202303462,Israel,Bartolo,Computer Science,3.68,83645,SC,7.1,11,3.05,0
202303357,Elmore,Barnard,Software Engineering,2.84,30797,GA,1.75,24,1.49,0
202302104,Bryant,Sink,Computer Science,2.97,95483,GA,7.11,18,2.69,0
202303098,Noble,Blume,Computer Science,3.44,86543,TN,6.85,22,2.82,0
202306315,Lew,Odom,Data Science,3.46,209943,FL,7.07,17,3.06,0
202301625,Lenard,Slaton,Data Science,2.8,189823,SC,2.98,26,1.75,0
202305776,Orin,Eich,Computer Science,2.82,76326,GA,5.58,15,2.78,0
202304706,Raphael,Schwark,Software Engineering,3.5,63419,GA,4.91,16,2.26,0
202302044,Bruce,Vore,Computer Science,3.84,31811,GA,8.04,13,3.02,1
202307255,Brown,Fikes,Software Engineering,3.64,187642,GA,6.77,18,2.78,0
202306455,Tobias,Orcutt,Information Technology,2.48,69170,SC,5.16,20,2.6,0
202301910,Owen,Leggio,Computer Science,2.33,61479,FL,4.83,26,1.95,0
202304316,Braxton,Depue,Software Engineering,2.28,51855,AL,3,21,1.94,0
202305896,Antonio,Groll,Software Engineering,2.56,313269,GA,3.12,21,1.87,0
202307944,Guss,Gottlieb,Data Science,3.03,213869,GA,6.1,9,2.65,0
202301465,Rogers,Winegar,Information Technology,3.36,88776,SC,5.98,11,3,0
202301953,Henderson,Steinbeck,Software Engineering,3.16,118683,TN,4.9,15,2.29,0
202307653,John,Ginsburg,Software Engineering,3.03,82394,GA,10.13,,3.35,0
202302015,Felix,Hedgepeth,Information Technology,3.05,58112,FL,8.3,20,3.13,0
202305635,Franklin,Azevedo,Data Science,2.63,29748,GA,4.74,29,2.13,0
202308338,Antonio,Vanover,Information Technology,3.73,300676,SC,5.8,12,2.68,0
202304650,Heber,Stanfield,Information Technology,3.15,218527,AL,7.7,18,3.09,1
202308902,Burrell,Dang,Computer Science,2.5,98534,GA,2.59,14,2.03,0
202300857,Ross,Asaro,Information Technology,3.44,98444,GA,5.52,8,2.93,0
202304818,Amos,Hackler,Data Science,3.02,405609,GA,4.03,10,2.75,0
202302218,Rolla,Bencomo,Computer Science,3.7,117618,FL,5.67,9,2.12,0
202301307,Hayden,Silvera,Computer Science,2.85,75372,GA,6.75,18,3.04,0
202300309,Morris,Janssen,Computer Science,3.31,151098,GA,3.61,,1.95,0
202302226,Gaylord,Simone,Software Engineering,3.06,69492,GA,6.15,25,2.53,0
202305369,Sebastian,Whittington,Software Engineering,3.24,77937,TN,4.9,9,2.34,0
202300366,Otho,Kalin,Data Science,2.95,29544,AL,6.37,8,3.11,1
202302649,Dewitt,Meyerhoff,Computer Science,2.78,36741,GA,4.09,24,2.21,0
202301859,Tommie,Dodd,Software Engineering,3.82,298173,FL,8.69,21,3.49,1
202309284,Denver,Mckey,Software Engineering,2.9,59673,GA,5.84,6,2.75,0
202309965,Alvah,Mckinney,Data Science,3.05,53894,GA,3.58,22,1.86,0
202302348,Elie,Istre,Data Science,3.31,45361,SC,3.29,9,2.21,0
202303164,Charlie,Bothwell,Computer Science,2.35,48140,GA,3.37,20,1.55,0
202304057,Roscoe,Erdman,Information Technology,3.15,123187,GA,10.79,15,3.72,1
202307339,Brown,Lay,Computer Science,2.83,43309,GA,6.21,28,2.32,0
202301497,Pleas,Hiles,Computer Science,4,273313,AL,8.07,13,3.25,0
202307534,Pedro,Setser,Computer Science,2.35,185087,SC,2.52,23,1.63,0
202301360,Wylie,Strother,Software Engineering,2.72,74939,GA,2.66,25,2.07,0
202302936,Leamon,Ollison,Computer Science,2.98,89712,TN,4.41,8,2.28,0
202302312,Garfield,Blocher,Software Engineering,3.12,278590,GA,7.65,18,2.95,0
202305793,Major,Vinciguerra,Information Technology,4,43867,GA,8.45,21,3.35,0
202303880,Houston,Galaviz,Computer Science,4,146980,SC,8.1,10,3.27,1
202307642,Maxwell,Donohoe,Computer Science,3.8,312743,FL,10.4,23,3.33,1
202300318,Fredrick,Rogers,Information Technology,2.52,245089,GA,5.58,15,2.66,0
202303310,Price,Schumaker,Information Technology,3.82,249631,AL,7.92,7,3.28,0
202305393,Sammie,Steveson,Software Engineering,2.21,108632,GA,8.91,19,3.03,1
202305885,Clint,Alexis,Software Engineering,2.22,246311,SC,0.33,15,1.53,0
202303493,Clark,Mcrae,Information Technology,3.26,390729,GA,9.62,26,3.45,1
202307552,Christian,Roseboro,Computer Science,3.73,90722,GA,7.73,7,3.18,0
202304955,Pasquale,Bohman,Information Technology,3.09,42743,FL,5.31,13,2.87,0
202308377,Claude,Yaw,Information Technology,3.38,156796,GA,5.64,18,2.91,0
202304121,Leo,Manes,Data Science,3.59,73073,TN,9.32,12,3.82,1
202308061,Earle,Ramnarine,Computer Science,2.75,84174,GA,5.31,17,2.4,0
202304764,Edmund,Stelter,Data Science,2.87,63138,AL,5.98,20,2.48,0
202303941,Matthias,Touchette,Data Science,3.1,122935,GA,7.94,18,3.51,1
202307250,Hamilton,Torrey,Information Technology,2.47,36035,GA,6.82,23,2.86,0
202307365,Olen,Rodriguez,Data Science,3.3,213324,FL,2.23,17,1.83,0
202302932,Vern,Mcgonigal,Data Science,3.77,53909,GA,9.7,15,3.25,0
202306728,Ella,Motley,Information Technology,3.39,290839,GA,4.99,21,2.62,0
202305926,Denis,Colas,Information Technology,2.73,34128,GA,7.32,20,3.33,1
202305994,Miles,Saxon,Data Science,2.11,84348,GA,5.66,26,2.6,0
202302420,Vernon,Mayhugh,Information Technology,3.05,185638,SC,6.72,17,2.91,0
202309992,Israel,Bolander,Computer Science,3.17,45301,AL,5.7,12,2.67,0
202306843,Herbert,Ocampo,Computer Science,2.93,56382,FL,3.43,12,1.73,0
202302711,Wash,Cassady,Software Engineering,2.56,299932,TN,8.21,19,3.21,1
202307186,Ira,Ketcham,Information Technology,2.27,228768,GA,6.75,21,2.64,0
202309274,Burley,Shew,Software Engineering,3.03,167367,SC,8.12,17,3.05,0
202300575,Will,Church,Information Technology,3.27,43166,GA,4.05,10,2.46,0
202309564,Allen,Bostwick,Software Engineering,2.97,424798,GA,3.01,10,1.89,0
202306476,William,Nuncio,Software Engineering,2.27,220111,GA,2.63,25,1.97,0
202304784,Russel,Sande,Computer Science,3.09,43275,FL,6.23,12,2.76,0
202301020,Nathaniel,Pippen,Software Engineering,2.75,254063,AL,7.45,13,3.24,1
202301803,Lum,Jorge,Data Science,2.56,215096,GA,3.73,14,2.62,0
202302456,Hays,Stringer,Information Technology,2.49,30067,,6.29,23,2.64,0
202301165,Wesley,Swedberg,Information Technology,3.88,127093,GA,,10,3,0
202308171,Ivory,Larrea,Computer Science,2.61,43443,GA,6.98,27,2.39,0
202300969,Mary,Freeland,Information Technology,3.49,57275,SC,5.81,18,2.72,0
202308874,Orville,Buhrman,Computer Science,3.28,79098,TN,6.93,7,2.59,0
202305917,Myron,Bourget,Computer Science,3.2,273061,GA,7.46,17,3.01,0
202302847,Lonie,Parsley,Computer Science,3.45,82375,GA,8.06,5,3,1
202308780,Lem,Hamann,Information Technology,3.17,132587,AL,7.15,15,3.26,0
202305248,Sterling,Fugett,Computer Science,2.56,122936,SC,3.67,17,1.92,0
202307043,Richard,Giannotti,Computer Science,3.23,271604,GA,8.64,20,2.9,0
202301811,Rudy,Bader,Information Technology,2.56,274021,GA,6.58,13,2.79,0
202303295,Mac,Carls,Information Technology,3.95,179248,FL,10.41,18,3.8,1
202305672,Arnold,Scaife,Data Science,3.25,155815,GA,3.11,8,1.98,0
202309513,Lem,Sweetser,Information Technology,2.33,69404,SC,3.4,34,2.34,0
202306070,Rollo,Longoria,Software Engineering,2.79,99569,GA,7.79,27,2.69,0
202300492,Webster,Anderegg,Computer Science,2.12,37414,GA,,16,1.56,0
202307833,Hunter,Ussery,Information Technology,3.02,492052,AL,7.23,17,2.85,0
202306081,Lon,Llerena,Data Science,4,71744,TN,4.66,9,2.69,0
202308163,Toney,Arocho,Computer Science,2.11,41759,FL,4.57,31,2.28,0
202302901,Sherman,Rapier,Information Technology,3.36,58644,GA,8.01,12,3.23,1
202309505,Joesph,Wycoff,Information Technology,2.9,69456,GA,4.48,26,2.27,0
202303438,Lillian,Paradiso,Data Science,2.55,80167,GA,8.43,15,3.41,1
202304506,Jonas,Kent,Information Technology,2.56,150724,GA,10.6,23,3.69,1
202300959,Harrison,Engle,Computer Science,3.34,58748,SC,6.53,15,2.57,0
202301474,Isaiah,Kirchhoff,Software Engineering,4,25458,GA,8.9,6,3.2,1
202307855,Bessie,Mariano,Information Technology,3,314262,AL,8.29,27,3.49,1
202301332,Albin,Dworak,Software Engineering,3.91,157358,GA,5.59,13,2.58,0
202302773,Jesus,Herriman,Computer Science,2.5,122258,,5.85,17,2.74,0
202304846,Ethel,Devan,Information Technology,2.51,22898,SC,4.63,15,2.4,0
202300657,Ole,Darling,Software Engineering,2.81,110603,GA,8.2,13,3.28,0
202306257,Willie,Mcgillivray,Information Technology,3.1,176427,TN,7.39,17,3.19,0
202304608,Everette,Andrews,Software Engineering,3.24,49957,GA,11.12,15,3.79,1
202306614,Carson,Brasfield,Computer Science,3.07,50039,FL,7.95,21,2.69,0
202306041,Washington,Espindola,Computer Science,2.44,273354,SC,8.46,23,2.69,0
202307769,Hoyt,Walko,Data Science,3.22,61216,AL,9.76,19,3.69,1
202306313,Moses,Espey,Data Science,2.71,79191,GA,7.21,17,2.83,0
202302397,Monroe,Bui,Computer Science,2.72,110406,GA,7.94,16,2.8,0
202306773,Monte,Chamberland,Information Technology,2.89,47901,GA,5.76,11,3.19,0
202307370,Spencer,Transue,Software Engineering,2.95,43354,SC,8.91,13,2.99,0
202307902,Augustine,Davisson,Data Science,2.71,61654,FL,1.04,17,1.92,0
202306805,Lillian,Pettigrew,Information Technology,2.98,31937,GA,6.01,14,2.7,0
202304211,Hall,Apostol,Data Science,2.98,335229,GA,3.91,18,1.94,0
202303350,Gay,Curnow,Computer Science,3.25,172720,GA,5.96,14,2.68,0
202301143,Edith,Sura,Software Engineering,2.06,456832,TN,2.45,22,1.99,0
202304591,Finley,Molinar,Data Science,2.48,451198,GA,4.89,17,2.58,0
202308404,Ben,Ouzts,Information Technology,3.25,31485,GA,3.99,14,2.61,0
202305576,Eliga,Manning,Data Science,3.22,124510,FL,3.03,12,2.03,0
202303028,Rollo,Basso,Software Engineering,2.57,110276,GA,0.54,24,1.37,0
202305552,Josh,Suazo,Information Technology,2.76,139353,SC,3.9,18,2.24,0
202301606,Damon,Coppin,Computer Science,3.72,394450,GA,6.69,21,2.49,0
202303954,Tobe,Caffee,Computer Science,2.72,52062,GA,4.82,24,2.08,0
202300005,Philip,Markle,Software Engineering,2.14,146317,GA,2.59,20,1.98,0
202307602,Harley,Coman,Information Technology,3.91,29277,AL,9.5,14,3.45,0
202303708,Theo,Rodriquez,Information Technology,2.54,92733,FL,6.67,15,3.18,0
202304303,Worth,Neale,Computer Science,2.96,4125854,GA,9.05,20,3.26,1
202302370,Austin,Schwartzkopf,Computer Science,3.51,42979,GA,4.93,15,2.63,0
202308621,Bascom,Lieber,Computer Science,3.12,123008,TN,5.65,14,2.2,0
202300056,Cicero,Godfrey,Software Engineering,2.97,128611,GA,7.07,23,2.98,0
202305708,Anna,Mertz,Software Engineering,3.31,77678,SC,6.47,15,2.66,0
202303436,Parker,Lambros,Data Science,3.43,317070,GA,7.11,19,3.28,1
202303444,Ab,Muff,Software Engineering,2.8,81367,FL,6.19,18,2.71,0
202300823,Austin,Nord,Computer Science,2.66,63817,AL,6.75,23,2.39,0
202307780,Walker,Parsley,Information Technology,2.56,20438,GA,6.82,19,3.22,1
202305320,Dell,Olivas,Computer Science,2.99,29997,SC,3.23,13,2.03,0
202302432,Gregory,Lanz,Computer Science,3.01,95238,GA,7.76,16,2.97,0
202305717,Crawford,Gillis,Software Engineering,2.5,39719,GA,0,11,1.5,0
202305139,Enos,Vidaurri,Data Science,3.15,114189,GA,9.94,8,3.88,1
202305028,Dick,Labrecque,Data Science,3.41,70032,FL,7.06,19,2.94,0
202300481,Benton,Spillman,Software Engineering,3.36,177205,SC,6.24,21,2.4,0
202302374,Carter,Brawn,Information Technology,3.24,175027,TN,8.82,12,3.77,1
202302828,Andrew,Resh,Data Science,2.83,27402,AL,7.66,10,3.08,0
202309163,Mae,Wymer,Information Technology,3.32,32068,GA,5.56,16,2.71,0
202300063,Garnett,Blubaugh,Information Technology,2.87,227560,GA,2.83,19,2.12,0
202301080,Millard,Jagger,Computer Science,3.58,67163,SC,6.35,16,2.44,0
202308458,Brown,Sterns,Computer Science,3.21,353037,FL,5.78,18,2.74,0
202307242,Tobe,Morrell,Computer Science,2.7,69525,GA,0.2,17,1.5,0
202304125,Patrick,Hakes,Information Technology,2.22,52611,GA,4.81,27,2.73,0
202307035,Milton,Whidden,Software Engineering,2.55,21786,GA,3.51,21,1.98,0
202300149,Cleveland,Mcclurkin,Information Technology,3.65,206240,SC,8.28,7,3.44,1
202306349,Eldridge,Haydon,Software Engineering,3.88,141504,AL,8.41,19,3.01,0
202307710,Kyle,Mckenzie,Information Technology,3.59,127572,GA,10.01,15,3.54,1
202303020,Edna,Freiburger,Computer Science,2.31,60898,FL,3.31,21,1.98,0
202304807,Bradley,Cottone,Information Technology,2.55,55945,TN,4.94,19,2.97,0
202300475,Darwin,Spoon,Software Engineering,2.9,126642,SC,5,16,2.31,0
202309028,Walton,Starks,Information Technology,2.94,302678,NY,5.65,12,3.04,0
202300445,Dan,Westwood,Data Science,2.88,271092,GA,3.69,15,2.16,0
202308493,Emile,Westbrooks,Information Technology,2.45,49318,GA,2.8,31,2.34,0
202304369,Hayes,Westby,Software Engineering,2.73,36371,GA,5.01,20,2.59,0
202302819,Irl,Breed,Information Technology,2.68,301402,AL,4.52,23,2.46,0
202300336,Dock,Storms,Software Engineering,3.51,174417,GA,8.39,14,3.08,0
202307005,Steve,Furniss,Information Technology,2.54,71630,GA,2.53,28,2.04,0
202300693,Lindsey,Gawronski,Computer Science,4,19251,GA,6.15,12,2.9,0
202304473,Hans,Wiedemann,Computer Science,3.56,45659,GA,5.58,16,2.59,0
202309635,Jennie,Combes,Data Science,2.58,79644,SC,7.78,29,3.04,1
202307871,Aron,Vandeusen,Computer Science,2.81,39246,GA,5.6,22,1.98,0
202303764,Sol,Tinker,Software Engineering,2.4,143773,TN,6.35,19,2.63,0
202309539,Lars,Garrido,Computer Science,3.64,26935,GA,9.57,8,3.59,1
202309857,Gus,Hasse,Data Science,3.93,285729,AL,10.6,18,3.64,1
202303806,Ferdinand,Porco,Data Science,3.13,58851,SC,6.11,20,2.82,0
202304355,Hampton,Seamans,Data Science,1.79,161423,GA,1.2,,1.48,0
202305011,Montgomery,Sappington,Data Science,1.39,50383,GA,0.26,30,1.36,0
202309756,Nat,Coronel,Computer Science,3.67,347976,GA,5.43,15,2.46,0
202307971,Lone,Lajeunesse,Software Engineering,3.13,77981,FL,5.16,16,2.54,0
202304781,Truman,Stillwell,Information Technology,3.61,64303,SC,7.26,15,2.95,0
202301175,Willie,El,Software Engineering,3,82412,GA,6.43,21,2.63,0
202308485,Leroy,Cressman,Software Engineering,3.28,36574,GA,4.6,10,2.17,0
202305946,Clifford,Beutel,Software Engineering,2.47,126144,AL,5.72,22,2.6,0
202302892,Ignatius,Armenta,Data Science,2.66,101208,GA,9.3,21,3.44,1
202300968,Manuel,Lahey,Information Technology,3.26,63916,TN,5.82,12,2.53,0
202305934,Bryant,Grandstaff,Data Science,2.95,73352,FL,5.93,22,2.36,0
202304641,Omar,Chafin,Information Technology,3.12,44437,GA,5.33,16,2.69,0
202307777,Benjamin,Oman,Information Technology,3.29,46150,GA,6.31,23,2.9,0
202309798,Edith,Boss,Information Technology,2.23,91540,GA,4.63,24,2.42,0
202304208,Truman,Almanza,Data Science,2.61,75882,SC,3.89,21,2.42,0
202308670,Ivor,Kirby,Computer Science,3.26,62449,GA,3.47,12,1.73,0
202306329,Odis,Anderton,Information Technology,3.66,192486,WA,8.37,9,3.65,1
202306810,Ted,Kroll,Information Technology,2.76,44490,FL,7.41,15,3.18,1
202308160,Carlie,Larabee,Computer Science,3.02,133717,GA,3.9,21,2.11,0
202306462,Bruno,Hardin,Software Engineering,3.65,273746,SC,9.14,14,3.24,1
202302133,Wellington,Maultsby,Data Science,3.03,100323,GA,6.4,14,2.75,0
202302216,Urban,Higgins,Computer Science,2.7,133587,GA,5.81,17,2.33,0
202308138,Asberry,Coston,Software Engineering,3.25,48496,TN,5.46,21,2.46,0
202309085,Sim,Abner,Software Engineering,3.01,169767,GA,4.57,19,2.3,0
202309037,Daniel,Mcduffee,Software Engineering,3.62,328708,FL,7.82,18,3.29,1
202303759,Peter,Garnes,Information Technology,3.2,226172,AL,6.46,9,3.13,1
202309504,Hector,Zager,Information Technology,2.5,120751,GA,6.23,24,2.75,0
202309969,Clement,Craycraft,Software Engineering,2.99,143732,GA,4.26,19,2.35,0
202304305,Jerome,Thibault,Data Science,2.55,43334,GA,6.03,18,2.6,0
202301806,Ham,Eppard,Data Science,3.29,87417,SC,2.97,13,2.24,0
202302467,Gabe,Frame,Information Technology,2.47,94456,GA,7.6,21,3.04,0
202309273,General,Edmundson,Computer Science,4,47461,FL,9.47,18,3.1,1
202305121,Ida,Meis,Software Engineering,2.17,126921,GA,6.17,24,2.64,0
202300335,Justus,Glanton,Software Engineering,3.56,340297,GA,7.04,8,3.04,0
202307643,Francis,Wilk,Data Science,3.17,36606,AL,5.02,10,2.62,0
202304065,Merton,Pletcher,Computer Science,3.08,283609,TN,7.93,16,2.88,0
202304257,Gilbert,Santistevan,Information Technology,2.6,87882,GA,5.34,14,2.13,0
202306275,Conrad,Maturo,Information Technology,3.71,144269,GA,6.43,17,2.83,0
202300738,Lawton,Erdmann,Computer Science,3.23,37458,FL,7.29,15,2.88,0
202305181,Bedford,Hovis,Software Engineering,2.78,351307,SC,8.38,21,2.73,0
202301513,Arno,Mulvaney,Software Engineering,2.73,98740,GA,3.73,19,2.18,0
202305563,Allie,Erhardt,Data Science,3.53,70206,GA,6.38,13,3.08,0
202305119,Eldon,Brashier,Data Science,3.31,87731,GA,11.31,17,3.93,1
202308512,Luis,Jervis,Information Technology,3.27,67974,AL,7.18,,3.16,0
202304036,Mathias,Binning,Software Engineering,2.86,232062,SC,4.15,13,2.35,0
202306676,Nicholas,Reina,Software Engineering,3.2,92036,FL,6.35,17,2.58,0
202308016,Augustine,Hamill,Information Technology,3.84,142045,GA,9.39,14,3.59,1
202309034,Jennie,Frenette,Data Science,2.11,165847,GA,5.38,17,2.04,0
202301339,Hamilton,Sinks,Computer Science,2.72,70189,TN,5.49,17,2.49,0
202303176,Ludwig,Racca,Software Engineering,3.67,108973,SC,7.62,7,2.65,0
202301707,Elizabeth,Markowitz,Information Technology,3.08,267551,GA,4.86,12,2.79,0
202300365,Wilson,Mcilvaine,Computer Science,3.21,102186,GA,6.48,18,2.32,0
202306108,Jonas,Oakes,Information Technology,2.74,109285,AL,4.24,18,2.68,0
202300034,Wilton,Constable,Software Engineering,2.25,106520,GA,5.42,20,2.4,0
202303349,Carey,Ohler,Computer Science,3.51,85922,SC,4.18,17,2.33,0
202300648,Norman,Lecuyer,Software Engineering,3.41,74062,GA,7.46,21,2.94,0
202303569,Omer,Creel,Data Science,2.89,295335,GA,6.68,21,2.62,0
202300435,Orville,Chronister,Information Technology,3.23,89572,GA,7.49,13,3.11,1
202308504,Lucian,Iorio,Software Engineering,3.33,74388,GA,8.3,13,3.07,0
202305379,Mose,Buteau,Information Technology,3.72,285409,FL,8.34,17,3.42,1
202301439,Allan,Feuerstein,Computer Science,3.29,40250,GA,5.33,11,2.29,0
202303074,Kirby,Santiesteban,Data Science,4,236566,TN,7.89,7,3.43,1
202306531,Jasper,Montanez,Data Science,3.39,27343,GA,8.88,20,3.18,0
202307087,Saul,Halton,Computer Science,2.85,57400,GA,4.88,16,2.28,0
202309666,Calvin,Elswick,Computer Science,2.55,29382,,5.22,21,2.35,0
202302358,Nelson,Abril,Software Engineering,3.1,35947,GA,6.4,10,2.77,0
202301378,Brady,Lusher,Software Engineering,3.04,50908,FL,7.89,13,2.75,0
202305324,Johnson,Jang,Software Engineering,2.43,260962,GA,5.88,20,2.47,0
202301288,Nick,Sayers,Computer Science,3.11,67141,GA,8.18,10,2.89,0
202304468,Silas,Esau,Computer Science,3.73,78114,SC,9.99,10,3.23,0
202300054,Odell,Eppley,Computer Science,2.86,116357,AL,7.51,17,2.64,0
202304162,Alois,Grob,Data Science,1.97,49958,GA,5.2,30,2.11,0
202307297,Erle,Makela,Information Technology,2.99,99629,,6.93,12,3.3,1
202305432,Luis,Wallingford,Data Science,3.28,186104,FL,6.84,7,3.01,0
202303043,Waldo,Erskine,Computer Science,3.05,212364,TN,5.96,24,2.11,0
202302617,Toney,Fulbright,Information Technology,3.18,472911,GA,3.32,14,2.35,0
202307553,Carlos,Lugo,Computer Science,2.91,36317,GA,4.04,17,2.12,0
202309376,Alton,Carmean,Information Technology,2.96,190257,GA,8.77,13,3.14,1
202302837,Malcolm,Hubley,Software Engineering,2.79,121614,GA,5.64,11,2.38,0
202302700,Murl,Fishman,Information Technology,3.75,237030,AL,9.14,7,3.76,1
202302371,Arvil,Portalatin,Computer Science,2.39,114049,FL,0.42,28,1.21,0
202309763,Pablo,Lamoreaux,Computer Science,3.57,259449,GA,8.4,23,2.97,0
202300143,Everett,Geibel,Software Engineering,3.46,53797,GA,6.82,13,2.66,0
202308559,Milburn,Batman,Data Science,3.54,99111,,4.06,11,2.7,0
202308359,Claud,Mester,Information Technology,2.62,17837,SC,8.69,25,3.1,0
202305247,Allan,Cromwell,Information Technology,3.24,36737,GA,8.91,13,3.52,1
202305501,Claude,Macinnis,Software Engineering,3.66,92849,GA,,17,3.07,0
202304577,Jesus,Madera,Information Technology,3,137623,TN,6.9,,2.48,0
202303612,Malcolm,Hegge,Software Engineering,3.6,202482,AL,5.98,13,2.29,0
202308511,August,Strehlow,Data Science,3.24,66292,SC,8.71,5,3.61,1
202304049,Bedford,Ellett,Software Engineering,3.27,94966,GA,7.23,18,2.7,0
202305640,Glenn,Keil,Information Technology,3.01,118097,GA,9.54,13,3.42,1
202305869,Gail,Woltz,Software Engineering,3.5,290602,GA,8.02,7,3.04,0
202303023,Berry,April,Information Technology,2.61,303472,GA,2.3,21,2.07,0
202306422,Jerry,Kobus,Data Science,2.78,356316,FL,9.96,26,3.35,1
202301507,Steven,Pabst,Computer Science,2.32,72319,GA,6.69,19,2.89,0
202304584,Victor,Gage,Software Engineering,2.46,167805,GA,7,28,2.67,0
202307096,Gust,Zobel,Data Science,2.65,44129,AL,2.18,23,1.46,0
202301289,Ruth,Scheibe,Computer Science,3,193213,GA,6.29,14,2.69,0
202302119,Joe,Spade,Software Engineering,2.41,42490,SC,7.41,20,2.94,0
202306903,Leroy,Vannatter,Computer Science,3.27,245520,TN,7.54,7,2.81,0
202309660,Elbert,Dziedzic,Software Engineering,3.54,58121,FL,10.17,10,3.71,1
202309972,June,Bostic,Information Technology,3.96,110553,GA,9.54,9,3.77,1
202309820,Nathaniel,Petrovich,Software Engineering,2.68,109785,GA,4.26,22,2.16,0
202309215,Elijah,Busey,Computer Science,2.23,57436,SC,6.59,11,2.76,0
202309347,Lyman,Meinhardt,Software Engineering,2.68,300327,GA,4.61,15,2.63,0
202303272,Pablo,Runion,Software Engineering,3.48,32306,AL,4.84,12,2.4,0
202303788,Elton,Bankes,Computer Science,2.92,77287,GA,5.05,23,2.27,0
202301491,Peyton,Goodale,Data Science,2.92,80140,FL,7.09,7,3.17,0
202303535,Chance,Knepper,Information Technology,3.25,66676,SC,8.01,18,3.09,0
202309293,Kirk,Burkett,Data Science,4,134174,GA,5.26,4,3.08,0
202302053,Oral,Waldrep,Information Technology,3.06,137713,GA,6.78,24,2.63,0
202304450,Olaf,Faherty,Software Engineering,3.03,93260,GA,6.6,13,2.66,0
202308253,Darrell,Adelman,Data Science,2.58,34894,TN,7.34,24,3.03,0
202303845,Jacob,Celaya,Software Engineering,2.75,46394,SC,4.62,15,2.26,0
202303478,Sandy,Boardman,Software Engineering,3.22,113497,AL,4.9,14,2.31,0
202305924,Dewey,Godsey,Computer Science,2.93,28318,GA,7.13,11,2.71,0
202307154,Arthur,Everage,Data Science,3.22,247707,GA,6.45,23,2.71,0
202309340,Farris,Wesley,Computer Science,2.89,273396,GA,4.81,14,2.14,0
202306662,Elijah,Hursh,Information Technology,2.62,136976,SC,3.89,12,2.55,0
202308482,Samual,Degroat,Computer Science,2.9,286934,GA,5.34,19,2.49,0
202309465,Carter,Penney,Information Technology,2.2,103137,GA,2.71,23,1.95,0
202300264,Carlos,Forehand,Information Technology,2.2,133730,FL,7.66,20,3.13,0
202303947,Arlie,Morejon,Information Technology,3.07,47506,GA,7.86,15,3.22,0
202307057,Ace,Bernier,Information Technology,2.56,99360,AL,2.9,22,2.26,0
202305967,Humphrey,Arevalo,Data Science,2.67,137349,GA,4.45,28,2.32,0
202309089,Bedford,Buchanon,Software Engineering,3.11,58027,TN,7.06,16,2.56,0
202302605,Alf,Radel,Computer Science,3.45,47979,GA,8.64,22,3.53,1
202307162,Wallace,Simonian,Data Science,1.93,28883,GA,5.94,31,2.76,0
202303403,Bradford,Bangert,Data Science,2.14,76020,FL,3.61,25,1.86,0
202306630,Margaret,Cervenka,Information Technology,3,313955,GA,7.77,14,2.93,0
202304830,Fernando,Baugus,Computer Science,3.83,88810,GA,5.71,18,2.57,0
202305667,Casimir,Rohm,Software Engineering,3.06,31778,GA,6.92,15,3.08,0
202308762,Mose,Bahr,Information Technology,3.2,165305,AL,3.13,19,2,0
202302024,Hugo,Woolridge,Computer Science,2.86,56287,SC,0,15,1.5,0
202301113,Eldridge,Deatherage,Information Technology,3.25,47203,GA,4.7,10,2.39,0
202307210,Vernon,Speicher,Software Engineering,2.74,172099,FL,4.86,18,2.77,0
202306187,Bradley,Clayton,Computer Science,3.68,226702,GA,4.76,8,2.59,0
202308879,Vincent,Giannotti,Information Technology,2.74,46702,GA,6.33,9,3.08,0
202308855,Terry,Jenson,Computer Science,3.35,43694,TN,5.55,18,2.56,0
202307113,Adolphus,Trickey,Information Technology,3.03,85784,GA,9.01,15,3.62,1
202307306,Ezra,Patch,Computer Science,2.46,20901,GA,0,19,1.2,0
202307401,Joe,Hanover,Software Engineering,2.72,34911,AL,5.46,22,2.42,0
202309906,Lindsay,Clendenin,Data Science,3.05,61185,FL,6.34,9,2.72,0
202308969,Bob,Burkard,Computer Science,3.72,37228,SC,6.37,19,2.57,0
202303080,Bertie,Fu,Data Science,2.88,31651,GA,,17,2.46,0
202301657,Richard,Mackie,Data Science,3.43,192457,GA,7.17,16,3.33,1
202306526,Wallace,Kristoff,Software Engineering,2.53,223539,GA,10.51,19,3.58,1
202301867,Bertram,Leong,Computer Science,3.72,95669,GA,4.28,1,2.6,0
202307838,Isadore,Purdie,Software Engineering,2.95,247831,SC,8.61,21,3.14,0
202301264,Willie,Daily,Information Technology,2.53,38128,FL,1.6,22,1.82,0
202308165,Bert,Calcote,Information Technology,2.99,175935,AL,5.99,17,2.82,0
202309362,Walker,Czech,Computer Science,2.76,217076,TN,3.07,14,2.06,0
202300881,Phillip,Onken,Computer Science,3.48,232705,GA,,12,3.44,1
202303841,Elzie,Deck,Software Engineering,3.11,339025,SC,7.97,24,2.66,0
202304487,Jonah,Middleton,Information Technology,3.94,68474,GA,13.97,15,4,1
202302975,Fritz,Sholes,Information Technology,2.79,174680,GA,6.76,11,3.24,0
202303170,Truman,Silvester,Information Technology,3.04,141553,FL,6.29,25,2.37,0
202307994,Milburn,Tiggs,Computer Science,3.15,159807,,6.24,17,2.47,0
202306914,Adam,Russell,Computer Science,3.23,23640,SC,10.42,19,3.3,1
202303183,Max,Wardwell,Computer Science,3.2,38851,AL,5.03,22,2.33,0
202306707,Rice,Pamplin,Computer Science,3.36,192747,GA,5.89,8,2.61,0
202309786,Harper,Heiney,Computer Science,2.19,281197,GA,7.69,26,2.71,0
202309420,Cornelious,Maturo,Software Engineering,3.2,53541,GA,4.09,19,2.5,0
202303914,Oren,Simonds,Information Technology,2.79,45723,FL,6.65,12,3.31,1
202309138,Tobe,Alspach,Software Engineering,3.44,165612,TN,7.81,15,3.15,0
202300556,Huey,Hohenstein,Information Technology,2.83,118360,GA,4.43,26,2.38,0
202309800,Milan,Rojo,Information Technology,2.72,189690,GA,10.57,14,3.4,1
202300849,Owen,Mateos,Data Science,2.47,401795,GA,2.51,17,2.28,0
202300663,Bedford,Hatfield,Computer Science,3.75,98418,AL,8.63,9,3.03,0
202304891,Melvin,Bohon,Computer Science,3.06,195741,GA,7.87,17,2.95,0
202305411,Edmund,Lotito,Information Technology,3.28,70060,FL,5.66,5,2.83,0
202302067,Angus,Tolan,Information Technology,3.22,55609,GA,6.58,19,3.19,1
202308658,Eligah,Huggard,Data Science,3,23475,GA,5.03,15,2.61,0
202304735,Antone,Conwell,Computer Science,2.49,249887,SC,5.32,20,2.2,0
202302476,Austin,Fellers,Information Technology,2.3,307022,GA,7.58,25,2.94,0
202305072,Nicholas,Crofton,Computer Science,3.61,46979,GA,5.03,6,2.77,0
202309150,Harve,Swope,Data Science,2.78,158403,GA,5.46,22,2.26,0
202304671,Joe,Heit,Data Science,1.9,100676,TN,,25,2.78,0
202305649,Clem,Berthiaume,Data Science,3.5,66450,SC,5.11,14,2.6,0
202300433,Claude,Goforth,Data Science,3.71,189459,GA,6.48,15,3.26,1
202301397,Emery,Horrell,Data Science,2.57,25021,GA,0.82,18,1.4,0
202307924,Jule,Arney,Software Engineering,3.52,102143,GA,3.64,19,1.74,0
202300773,Titus,Hoss,Software Engineering,3.13,40613,GA,6.58,20,2.7,0
202307330,Lavern,Buchert,Information Technology,3.52,275343,SC,,17,2.72,0
202306109,Dave,Weisz,Information Technology,3.52,58658,FL,9.88,6,3.67,1
202305401,Ed,Feola,Computer Science,3.07,42449,GA,7.82,16,2.92,0
202306282,Casimir,Crenshaw,Computer Science,2.13,448877,AL,4.64,27,2,0
202301481,Willian,Strunk,Software Engineering,3.22,86409,GA,3.35,10,2.5,0
202307937,Jessee,Trombetta,Information Technology,2.59,65336,SC,6.55,19,2.98,0
202301588,Fletcher,Rucks,Information Technology,3.13,164440,GA,4.77,12,2.66,0
202309248,Roscoe,Coreas,Information Technology,2.56,30428,TN,6.58,17,3.29,1
202306112,Levi,Edison,Computer Science,3.06,63144,FL,,13,2.34,0
202303720,Desmond,Kothari,Computer Science,2.94,34325,GA,9.25,12,3.4,1
202305760,Stanford,Puccio,Information Technology,2.81,116448,SC,6.6,18,2.89,0
202307238,Willam,Malhotra,Information Technology,3.11,132899,GA,2.99,14,2.16,0
202303903,Riley,Hayek,Computer Science,3.1,180431,AL,7.5,16,2.92,0
202306788,Roby,Ellenberger,Data Science,3.25,31989,GA,5.29,13,2.97,0
202301385,Gregory,Bufford,Data Science,2.24,216387,GA,6.32,22,2.73,0
202306147,Harve,Krewson,Data Science,1.94,47317,FL,3.82,37,1.94,0
202303293,Van,Cabada,Information Technology,2.54,245118,GA,7.28,24,3.12,0
202306721,Norris,Cearley,Software Engineering,2.63,72406,GA,8.36,19,3.35,1
202308640,Micheal,Smith,Information Technology,3.63,106213,GA,6.47,18,3.25,1
202301997,William,Krupp,Computer Science,3.19,159258,GA,7.17,14,2.89,0
202305406,Aron,Naas,Software Engineering,3.53,72614,TN,7,20,2.66,0
202307202,Milburn,Lindahl,Software Engineering,2.58,24908,AL,3.6,16,2.34,0
202300424,Dale,Admire,Information Technology,3.94,112121,FL,6.23,14,3.11,1
202306963,Larry,Rosenblum,Computer Science,3.77,123778,GA,10.92,14,3,0
202303355,Antonio,Mcquay,Computer Science,3.55,117112,GA,7.55,4,3.1,0
202308100,Wilton,Lockard,Computer Science,3.46,313930,SC,11.55,13,3.6,1
202309220,Melvin,Pannell,Information Technology,3.53,45555,GA,6.8,24,2.91,0
202302360,Benjamine,Caso,Information Technology,2.71,78387,GA,5.97,21,2.93,0
202303452,Clifton,Besse,Information Technology,3.62,386599,,5.6,18,3.11,1
202306137,Clyde,Blom,Software Engineering,3.74,50054,FL,6.8,15,2.87,0
202305557,Otho,Janney,Information Technology,2.48,319244,AL,3.93,17,2.68,0
202305313,Ashby,Spoto,Computer Science,3.41,323514,GA,6.57,10,2.44,0
202305358,Coleman,Gallien,Information Technology,2.59,122113,GA,5.34,16,2.75,0
202302115,Elmore,Buehler,Computer Science,3.83,51765,TN,8.93,9,3.36,1
202306714,Hill,Comfort,Data Science,2.77,79632,GA,3.59,11,2.36,0
202304458,Doctor,Esquilin,Software Engineering,2.4,126128,SC,3.66,20,1.96,0
202308669,Antone,Hamm,Data Science,3.78,98215,FL,5.66,15,3.07,0
202308180,Webster,Cloyd,Software Engineering,1.97,31352,GA,5.02,23,2.36,0
202301181,Dave,Mock,Data Science,2.89,28550,GA,5.18,16,2.42,0
202309985,Alva,Obregon,Computer Science,2.34,48665,AL,0.2,24,1.69,0
202300938,Rene,Riches,Information Technology,3.46,155050,SC,6.52,10,2.68,0
202300681,Chancy,Chaudhry,Information Technology,3.14,194264,GA,7.16,19,3.13,1
202300496,Jason,Beaudet,Information Technology,2.9,37240,GA,4.52,13,2.42,0
202300300,Benjaman,Orcutt,Software Engineering,2.52,86385,FL,1.65,27,1.69,0
202309959,Leon,Laduke,Computer Science,2.89,84421,GA,9.6,16,3.33,1
202300083,Mont,Chamberland,Software Engineering,3.12,59173,SC,4.65,19,2.41,0
202306781,Rene,Travis,Computer Science,3.28,73921,,9.8,17,3.51,1
202306385,Edmund,Rachal,Software Engineering,2.5,117399,GA,4.24,25,2.57,0
202304889,Jackson,Ruple,Computer Science,3.4,62237,AL,6.63,13,2.6,0
202301904,Leon,Everage,Data Science,3.27,79861,GA,6.59,16,3.08,0
202305543,Van,Penix,Data Science,3.46,131745,FL,7.57,20,2.87,0
202300188,Wilfred,Ocon,Data Science,3.05,399041,WA,9.78,11,3.85,1
202305496,Riley,Farnam,Data Science,2.01,128355,GA,3.93,27,2.19,0
202308290,Wash,Burgeson,Data Science,3.15,132167,GA,6.34,15,2.72,0
202307364,Ellsworth,Earnhart,Data Science,3.45,85152,GA,10.13,12,3.74,1
202301652,Pleasant,Cayton,Computer Science,2.87,129791,SC,7.48,20,2.89,0
202301843,Hamilton,Maize,Computer Science,2.92,55033,GA,4.08,18,2.38,0
202303840,Elton,Erlandson,Computer Science,3.52,46722,AL,5.37,22,2.29,0
202306384,Addison,Rockhill,Information Technology,3.03,124122,GA,12.66,17,4,1
202301522,Wendell,Yiu,Information Technology,3.25,154242,TN,4.7,27,3.05,1
202300197,Nathan,Fryar,Information Technology,2.96,80074,SC,7.3,12,2.98,0
202309689,Omer,Jasinski,Information Technology,2.76,539925,GA,1.71,8,2.06,0
202309584,Julian,Deardorff,Data Science,3.07,52854,,4.32,24,2.23,0
202301534,Lester,Radel,Computer Science,2.66,40864,GA,4.05,14,2.27,0
202309075,Ephriam,Bainbridge,Computer Science,3.81,232257,FL,8.72,23,2.83,0
202309983,August,Willhoite,Computer Science,3.7,61034,SC,6.19,12,2.68,0
202304502,Phil,Brigance,Information Technology,2.38,64443,AL,3.89,20,2.17,0
202302518,Eldon,Monette,Computer Science,2.85,114722,GA,6.25,9,2.7,0
202309450,Golden,Moraga,Computer Science,1.77,331880,GA,0,27,1.29,0
202302177,Alonzo,Welsch,Data Science,2.77,260695,GA,5.92,,2.79,0
202302085,Morton,Gully,Computer Science,2.87,25462,SC,4.43,8,2.39,0
202303602,Cyrus,Longenecker,Software Engineering,2.93,87339,FL,3.79,15,2.61,0
202306515,Asberry,Fordyce,Computer Science,3.07,159831,TN,5.5,21,2.46,0
202307199,Josephine,Parramore,Information Technology,2.16,115053,GA,5.16,14,2.54,0
202302783,Earnest,Haake,Computer Science,3.28,191941,GA,4.62,12,2.6,0
202309032,Beatrice,Simons,Software Engineering,4,71686,AL,6.53,11,2.57,0
202304535,Simon,Byrom,Software Engineering,2.52,74124,GA,7.53,21,2.68,0
202301754,Burr,Mcewan,Data Science,3.32,244510,GA,7.64,12,3.17,1
202305020,Darwin,Ference,Software Engineering,3.4,42291,FL,8.83,6,3.4,1
202302596,Ebenezer,Moffatt,Computer Science,2.09,149181,GA,1.15,27,1.26,0
202304925,Lacy,Bray,Information Technology,2.32,232007,SC,2.49,23,1.89,0
202308918,Mark,Tobia,Data Science,4,224408,GA,,8,3.11,1
202305719,Gail,Kirschner,Data Science,2.97,57045,GA,5.37,14,2.76,0
202302194,Gus,Zander,Computer Science,3.21,127661,GA,6.37,13,2.56,0
202302499,Leigh,Rioux,Data Science,3.8,90747,AL,12.17,14,4,1
202303340,Cletus,Schiavo,Information Technology,3.15,44691,TN,4.97,10,2.7,0
202301901,Zack,Holub,Data Science,3.21,157494,GA,8.81,23,3.34,1
202306993,Isaac,Urso,Computer Science,2.83,84358,GA,9.59,15,3.12,1
202301202,Carlos,Hanlin,Information Technology,3.27,73837,GA,3.93,19,2.41,0
202301388,Leland,Dugas,Information Technology,2.59,33329,GA,8.84,24,3.32,1
202308910,Harrison,Kindler,Information Technology,2.99,33846,SC,9.35,22,3.55,1
202308653,Leroy,Caesar,Software Engineering,3.89,49345,GA,5.82,17,2.58,0
202303852,Tyler,Anger,Software Engineering,3.44,94505,FL,9.38,13,3.37,0
202300001,Noah,Archey,Information Technology,2.76,26192,AL,1.32,16,1.86,0
202303575,Dempsey,Steinbach,Computer Science,3.29,70985,GA,4.62,22,1.84,0
202303446,Jonathan,Girardin,Computer Science,2.32,27297,SC,1.94,23,1.63,0
202305227,Everette,Procter,Data Science,2.96,124715,GA,8.61,15,3.11,1
202306242,Paul,Pavon,Information Technology,2.7,214826,GA,4.57,17,2.33,0
202302922,Eli,Montague,Software Engineering,4,156731,TN,9.98,15,3.38,1
202304774,Tommie,Silvers,Information Technology,2.5,42342,FL,2.74,21,1.92,0
202306226,Dock,Hauenstein,Computer Science,1.84,95221,SC,0.85,21,1.33,0
202307305,Wilhelm,Selzer,Information Technology,3.88,78027,GA,6.93,13,3.28,0
202309017,Price,Norgaard,Computer Science,2.27,179170,AL,1.18,16,1.49,0
202303742,Sterling,Tait,Data Science,3.39,165680,GA,8.92,13,3.08,1
202306058,Levy,Eisele,Data Science,4,130785,GA,10.92,2,4,1
202302454,Ford,Lyon,Data Science,3.92,146358,SC,6.44,8,2.62,0
202303073,Elliott,Kaczmarek,Software Engineering,3.31,106969,FL,4.43,19,2.34,0
202305899,Lucious,Estevez,Information Technology,3.13,37497,GA,5.15,19,2.58,0
202307346,Manuel,Seeley,Data Science,2.79,104640,GA,5.54,22,2.58,0
202300701,Leslie,Cripps,Computer Science,3.09,89714,GA,5.93,19,2.44,0
202309615,Cash,Bufford,Software Engineering,3.48,43203,SC,3.94,17,2.1,0
202306651,Llewellyn,Stowers,Data Science,2.45,118364,TN,2.56,18,2.16,0
202309472,Burl,Hane,Information Technology,2.27,34707,GA,4.72,27,2.09,0
202304193,Dewey,Lombardi,Information Technology,3.33,25210,FL,5.88,17,2.44,0
202304078,Lillard,Youn,Information Technology,3.48,96587,NY,9.82,7,4,1
202303623,Frances,Cuyler,Information Technology,4,133381,,8.16,3,3.99,1
202307901,Julian,Kegler,Computer Science,2.84,176886,GA,2.21,17,1.62,0
202301923,Marie,Adkisson,Data Science,1.57,866534,GA,4.95,31,2.25,0
202300132,Linus,Escamilla,Data Science,2.48,208823,,2.48,13,2.09,0
202301610,Alex,Cuff,Data Science,2.76,38555,GA,4.8,9,2.54,0
202309602,Furman,Decicco,Information Technology,3.63,52389,AL,9.18,20,3.52,1
202307126,Cooper,Toone,Software Engineering,3.19,72310,,8.36,18,3.1,0
202303191,Gustav,Tillman,Computer Science,3.39,75841,GA,6.95,10,2.28,0
202301782,Gabriel,Boltz,Information Technology,3.25,40153,GA,9.9,20,3.51,1
202307426,Margaret,Lahman,Information Technology,3.05,87355,TN,7.09,16,3.34,1
202309481,Bruno,Klumpp,Information Technology,2.28,64530,SC,6.76,19,2.78,0
202306236,Commodore,Agosto,Software Engineering,3.8,41567,GA,8.08,18,3.19,0
202303993,Neal,Dobler,Software Engineering,3.31,416707,FL,9.06,18,3.17,0
202300970,Aron,Spears,Data Science,2.24,295753,GA,6.05,18,2.63,0
202300704,Allison,Holz,Information Technology,2.91,267739,AL,3.29,17,2.1,0
202303163,Murphy,Slover,Information Technology,3.22,342248,SC,2.4,23,2.04,0
202307340,Jones,Walk,Data Science,3.45,58993,GA,4.74,17,2.15,0
202307456,Alonza,Cypert,Information Technology,2.22,110372,GA,5.97,18,2.53,0
202300957,Gustave,Lorick,Software Engineering,3.25,179014,GA,10.07,24,2.99,0
202307336,Wayne,Achenbach,Data Science,2.65,536349,FL,3.61,13,2.4,0
202300441,Romeo,Swarthout,Information Technology,3.24,60771,SC,7.36,22,3.05,0
202308820,Percy,Guillot,Information Technology,3.51,38348,GA,3.98,12,2.68,0
202309366,Ernie,Cauble,Software Engineering,2.7,185397,TN,7.86,18,2.95,0
202305941,Elzy,Heintzelman,Information Technology,3.6,290276,AL,9.75,22,3.49,1
202304785,Santos,Kiley,Software Engineering,2.64,210895,GA,6.91,16,2.96,0
202309311,Edward,Giller,Data Science,2.9,270878,,9.4,22,3.11,0
202307753,Iva,Sigrist,Computer Science,4,257258,FL,7.54,10,3.17,1
202305465,Henery,Clegg,Computer Science,3.13,252675,GA,6.43,7,2.42,0
202300289,Benjiman,Baldonado,Software Engineering,3.48,45249,GA,7.76,20,3.02,0
202300846,Emmitt,Cortez,Software Engineering,2.87,240967,GA,6.24,21,2.66,0
202307926,Logan,Cromer,Computer Science,2.86,472935,SC,7.23,17,2.71,0
202302002,Grover,Thieman,Information Technology,2.88,165876,GA,8.33,19,3.49,1
202300474,Lillie,Reel,Software Engineering,3.71,209939,AL,12.74,13,4,1
202301123,Anthony,Carsten,Data Science,2.78,42563,FL,5.99,25,2.4,0
202308777,Leigh,Newson,Software Engineering,2.66,29558,GA,,25,2.58,0
202304685,Hoyt,Drager,Data Science,3.1,83137,TN,7.07,24,2.58,0
202301487,Solomon,Demby,Computer Science,3.77,246988,GA,9.6,25,3.65,1
202304299,Jefferson,Almodovar,Computer Science,3.65,66164,GA,6.28,16,2.71,0
202304776,Dorsey,Dicarlo,Data Science,2.85,33077,GA,9.03,18,3.35,1
202305051,Isidore,Abarca,Computer Science,4,269439,GA,7.82,11,2.98,0
202300431,Boyce,Ferland,Data Science,3.05,402351,FL,2.87,7,1.98,0
202307179,Alvah,Busby,Computer Science,3.7,168909,AL,7.97,13,2.72,0
202304555,Bryant,Witten,Information Technology,2.75,423929,GA,,17,2.78,0
202304907,Neil,Hameed,Computer Science,3.17,111343,GA,5.08,25,2.16,0
202301758,Wilbur,Othman,Information Technology,3.28,230340,GA,5.7,13,2.68,0
202309316,Hugo,Seibold,Data Science,2.63,52912,SC,5.27,15,3.08,1
202303553,Ike,Nusbaum,Software Engineering,2.58,26119,GA,6.79,34,2.68,0
202306559,Emett,Kalman,Information Technology,3.17,224055,FL,8.51,14,3.36,1
202304869,Anton,Tigges,Data Science,3.32,69299,,10.46,20,3.59,1
202306995,Uriah,Creer,Information Technology,2.02,43937,GA,0.1,21,1.55,0
202306178,Curtis,Gerner,Data Science,3.86,86037,AL,6.63,14,2.98,0
202308714,Manford,Coggins,Computer Science,3.17,332227,,8.08,20,2.85,0
202309730,Baxter,Elias,Computer Science,3.28,286692,GA,8.83,19,3.13,0
202305582,Fredrick,Vanderford,Computer Science,3.34,29985,GA,10.73,22,3.38,1
202309375,Norris,Gayden,Information Technology,2.85,495826,FL,2.4,,2.22,0
202302372,Michael,Richman,Computer Science,4,32210,SC,8.84,16,3.31,1
202309892,Lacy,Anton,Software Engineering,3.02,163481,GA,6.61,17,2.53,0
202308310,Ell,Benke,Software Engineering,2.05,45446,GA,3.68,30,1.77,0
202305648,Elzie,Enderle,Information Technology,2.19,44714,GA,2.74,17,2.11,0
202307731,Adolph,Cornman,Data Science,3.84,43195,AL,7.23,15,2.94,0
